Experiment,Split,PrecisionEvaluator
exp00000,0,4.197271773347325
exp00000,1,4.197271773347325
exp00000,2,3.147953830010494
exp00000,3,1.0493179433368311
exp00000,4,0.0
