Experiment,Split,AUCEvaluator
exp00000,0,0.5057475785617825
exp00000,1,0.5057475785617825
exp00000,2,0.5057475785617825
exp00000,3,0.5057475785617825
exp00000,4,0.5057475785617825
