Experiment,neighborhood-size,shrinkage,AUCEvaluator
exp00000,20.0,5.0,0.5016033978649083
exp00001,20.0,10.0,0.5016033978649083
exp00002,50.0,5.0,0.5016033978649083
exp00003,50.0,10.0,0.5016033978649083
