Experiment,neighborhood-size,shrinkage,RMSEEvaluator
exp00000,50.0,10.0,0.06245105148565751
exp00001,50.0,15.0,0.06245105148565751
exp00002,100.0,10.0,0.06245105148565751
exp00003,100.0,15.0,0.06245105148565751
