Experiment,Split,RMSEEvaluator
exp00000,0,1.156824285233356
exp00000,1,1.1635539755245996
exp00000,2,1.1505864806353694
exp00000,3,1.1650894875784743
exp00000,4,1.1452795848516906
