Experiment,Split,RMSEEvaluator
exp00000,0,0.06252442837693434
exp00000,1,0.06252442837693434
exp00000,2,0.06252442837693434
exp00000,3,0.06252442837693434
exp00000,4,0.06252442837693434
