Experiment,Split,RMSEEvaluator
exp00000,0,0.6993239223687299
exp00000,1,0.6993239223687299
exp00000,2,0.6993239223687299
exp00000,3,0.6993239223687299
exp00000,4,0.6993239223687299
