Experiment,Split,NormalizedDCGEvaluator
exp00000,0,0.0016884732040286456
exp00000,1,7.312154834181669
exp00000,2,0.0
exp00000,3,0.0016435766332695077
exp00000,4,4.430211047204909
