Experiment,Split,PrecisionEvaluator
exp00000,0,0.001154249737670514
exp00000,1,0.001154249737670514
exp00000,2,0.001154249737670514
exp00000,3,0.001154249737670514
exp00000,4,0.001154249737670514
