Experiment,learn-rate,AUCEvaluator
exp00000,0.1,0.5020988162623322
exp00001,0.01,0.5018892868259506
exp00002,0.001,0.5018855171931452
