Experiment,learn-rate,AUCEvaluator
exp00000,0.1,0.5037629833483133
exp00001,0.01,0.5035543900202664
exp00002,0.001,0.503763399095623
