Experiment,Split,AUCEvaluator
exp00000,0,0.501567484566897
exp00000,1,0.5010453706424336
exp00000,2,0.5015673588171813
exp00000,3,0.5020901187892052
exp00000,4,0.5026143841609367
