Experiment,learn-rate,AUCEvaluator
exp00000,0.1,0.5010447443679269
exp00001,0.01,0.5005223720455296
exp00002,0.001,0.5015694146298099
