Experiment,learn-rate,RMSEEvaluator
exp00000,0.1,0.0644618377129801
exp00001,0.01,0.06440773783072581
exp00002,0.001,0.062432433157998825
