Experiment,Split,RecallEvaluator
exp00000,0,0.002229800629590766
exp00000,1,5.090869017330516
exp00000,2,6.177116949454553
exp00000,3,0.002146332156825336
exp00000,4,0.001049317943336831
