Experiment,learn-rate,RMSEEvaluator
exp00000,0.1,0.06252442837693434
exp00001,0.01,0.06252442837693434
exp00002,0.001,0.06252442837693434
