Experiment,Split,RecallEvaluator
exp00000,0,0.006760832731451829
exp00000,1,0.006760832731451829
exp00000,2,0.006760832731451829
exp00000,3,0.006760832731451829
exp00000,4,0.006760832731451829
