Experiment,Split,AUCEvaluator
exp00000,0,0.5015679985650475
exp00000,1,0.5020926929626532
exp00000,2,0.5020976067027562
exp00000,3,0.5020927510379952
exp00000,4,0.5010507993330111
